City_ID,City,Lat,Lng,Max Temp,Humidity,Cloudiness,Wind Speed,Country,Date
0,lensk,60.73,114.93,74.48,53,100,2.08,RU,1593607131
1,jamestown,42.1,-79.24,69.01,88,75,6.93,US,1593606990
2,omboue,-1.57,9.26,77.65,73,100,10.65,GA,1593607131
3,pyapon,16.28,95.68,80.02,84,100,11.86,MM,1593607131
4,port alfred,-33.59,26.89,80.01,28,0,5.99,ZA,1593607132
5,qaanaaq,77.48,-69.36,39.58,74,1,3.06,GL,1593607132
6,mataura,-46.19,168.86,39.0,83,100,3.0,NZ,1593607132
7,kapaa,22.08,-159.32,78.8,78,20,16.11,US,1593607132
8,lagoa,39.05,-27.98,63.5,71,8,7.78,PT,1593607132
9,punta arenas,-53.15,-70.92,23.0,92,20,4.7,CL,1593607048
10,hermanus,-34.42,19.23,64.99,79,47,4.0,ZA,1593607132
11,melfi,41.0,15.65,95.0,28,20,4.7,IT,1593607133
12,save,8.04,2.49,82.87,74,84,5.03,BJ,1593607133
13,ilulissat,69.22,-51.1,44.6,70,75,3.36,GL,1593606958
14,georgetown,5.41,100.34,80.6,94,20,8.05,MY,1593607133
15,rikitea,-23.12,-134.97,68.79,67,0,21.94,PF,1593607133
16,hilo,19.73,-155.09,73.4,88,90,8.05,US,1593607134
17,vila franca do campo,37.72,-25.43,69.8,68,40,11.41,PT,1593607134
18,narsaq,60.92,-46.05,48.2,66,40,3.36,GL,1593607134
19,barranca,-10.75,-77.77,62.2,77,98,6.2,PE,1593607134
20,barrow,71.29,-156.79,37.4,93,90,6.93,US,1593607134
21,fuxin,42.02,121.66,77.54,42,27,5.01,CN,1593607134
22,upernavik,72.79,-56.15,38.57,76,70,12.06,GL,1593607135
23,heihe,50.24,127.49,73.4,78,20,2.24,CN,1593607135
24,camacha,33.08,-16.33,71.6,83,75,11.41,PT,1593607135
25,bethel,41.37,-73.41,68.0,93,20,3.22,US,1593607135
26,mahibadhoo,3.78,72.97,84.27,67,26,3.74,MV,1593607135
27,victoria,22.29,114.16,86.0,74,100,11.99,HK,1593607135
28,esperance,-33.87,121.9,50.0,100,90,12.75,AU,1593607058
29,mavrovi anovi,41.7,20.76,86.0,40,40,3.36,MK,1593607136
30,bilma,18.69,12.92,105.08,7,0,3.98,NE,1593607136
31,saint-pierre,-21.34,55.48,75.2,64,90,8.05,RE,1593607136
32,busselton,-33.65,115.33,50.0,69,54,5.66,AU,1593607137
33,new london,41.36,-72.1,68.0,93,90,4.7,US,1593607137
34,yarada,17.65,83.27,82.4,83,40,4.7,IN,1593607137
35,ribeira grande,38.52,-28.7,73.4,60,20,14.99,PT,1593607137
36,adre,13.47,22.2,90.37,39,47,14.32,TD,1593607137
37,aranda de duero,41.67,-3.69,85.89,25,0,13.82,ES,1593607138
38,hobart,-42.88,147.33,52.0,76,90,5.82,AU,1593607030
39,castro,-24.79,-50.01,49.32,63,0,15.75,BR,1593607138
40,iquique,-20.22,-70.14,59.0,72,90,3.36,CL,1593606844
41,mahebourg,-20.41,57.7,75.2,60,40,11.41,MU,1593607138
42,hithadhoo,-0.6,73.08,84.83,64,15,4.41,MV,1593607138
43,atuona,-9.8,-139.03,79.07,74,11,22.03,PF,1593607138
44,mangit,40.6,70.96,93.2,14,20,4.7,UZ,1593607139
45,seltso,53.37,34.1,77.0,47,40,11.18,RU,1593607139
46,tukrah,32.53,20.58,83.12,52,0,11.68,LY,1593607139
47,uyemskiy,64.47,40.85,71.6,46,75,13.42,RU,1593607139
48,kadoshkino,54.03,44.42,66.38,82,76,13.42,RU,1593607139
49,henties bay,-22.12,14.28,78.01,26,0,5.01,NA,1593607140
50,los llanos de aridane,28.66,-17.92,77.0,65,75,18.34,ES,1593607140
51,hualmay,-11.1,-77.61,62.2,77,99,7.96,PE,1593607140
52,esna,25.29,32.55,100.4,12,0,10.29,EG,1593607140
53,albany,42.6,-73.97,68.0,92,71,4.59,US,1593607140
54,hohhot,40.81,111.65,71.6,49,40,4.47,CN,1593607141
55,pangnirtung,66.15,-65.71,39.2,86,20,2.24,CA,1593607141
56,ushuaia,-54.8,-68.3,26.6,86,0,6.93,AR,1593607141
57,vaini,-21.2,-175.2,71.6,73,75,6.93,TO,1593607141
58,saskylakh,71.92,114.08,69.44,69,100,7.81,RU,1593607141
59,lunsar,8.68,-12.53,86.0,76,58,0.87,SL,1593607141
60,asyut,27.18,31.18,96.8,25,0,14.99,EG,1593607142
61,sao filipe,14.9,-24.5,74.17,77,6,6.62,CV,1593607142
62,dauphin,51.15,-100.05,68.0,88,1,10.29,CA,1593607142
63,coffs harbour,-30.3,153.13,54.0,87,1,8.05,AU,1593607142
64,mount gambier,-37.83,140.77,46.4,100,75,12.75,AU,1593607132
65,lompoc,34.64,-120.46,55.4,93,6,5.82,US,1593607049
66,pemangkat,1.17,108.97,80.65,80,95,4.25,ID,1593607143
67,taoudenni,22.68,-3.98,114.89,7,0,10.54,ML,1593607143
68,shahr-e kord,32.33,50.86,89.6,8,0,9.17,IR,1593607143
69,mindelo,16.89,-24.98,80.6,57,40,18.34,CV,1593607143
70,bluff,-46.6,168.33,39.0,83,100,3.0,NZ,1593607143
71,monywa,22.12,95.13,89.85,61,100,1.92,MM,1593607143
72,flensburg,54.78,9.43,69.8,52,63,14.99,DE,1593607144
73,butaritari,3.07,172.79,83.16,75,100,10.6,KI,1593607144
74,yellowknife,62.46,-114.35,64.4,55,75,11.41,CA,1593606901
75,bredasdorp,-34.53,20.04,69.8,60,100,5.82,ZA,1593607144
76,kutum,14.2,24.67,92.66,23,83,5.21,SD,1593607144
77,coihueco,-36.62,-71.83,48.2,100,20,12.75,CL,1593607144
78,hasaki,35.73,140.83,77.0,83,75,17.22,JP,1593607144
79,guerrero negro,27.98,-114.06,63.21,83,0,9.8,MX,1593607145
80,fortuna,40.6,-124.16,52.0,93,90,4.7,US,1593607145
81,cape town,-33.93,18.42,71.01,60,0,1.12,ZA,1593606891
82,bandarbeyla,9.49,50.81,92.89,39,100,29.82,SO,1593607145
83,saint-joseph,-21.37,55.62,75.2,64,90,8.05,RE,1593607145
84,michigan city,41.71,-86.89,71.6,88,1,5.82,US,1593607145
85,east london,-33.02,27.91,73.4,43,0,4.7,ZA,1593607146
86,kavieng,-2.57,150.8,82.6,74,100,11.01,PG,1593607146
87,sao lourenco do sul,-31.37,-51.98,53.01,93,90,14.99,BR,1593607146
88,springfield,37.22,-93.3,77.0,88,1,10.29,US,1593607146
89,klaksvik,62.23,-6.59,44.6,75,75,13.87,FO,1593607147
90,farsund,58.09,6.8,59.0,83,50,15.05,NO,1593607147
91,amarante do maranhao,-5.57,-46.74,84.27,55,0,4.16,BR,1593607147
92,airai,-8.93,125.41,54.19,93,8,2.73,TL,1593607147
93,talnakh,69.49,88.4,57.2,62,40,17.9,RU,1593607147
94,kavaratti,10.57,72.64,84.0,77,96,14.99,IN,1593607147
95,puerto ayora,-0.74,-90.35,70.0,88,69,5.01,EC,1593607148
96,katsuura,35.13,140.3,75.99,92,100,8.99,JP,1593607148
97,muros,42.78,-9.06,68.0,77,64,11.99,ES,1593607148
98,thompson,55.74,-97.86,51.8,100,90,12.75,CA,1593607148
99,chabahar,25.29,60.64,87.94,73,0,13.4,IR,1593607148
100,vestmannaeyjar,63.44,-20.27,50.0,93,75,12.75,IS,1593607148
101,charters towers,-20.1,146.27,61.21,82,5,9.4,AU,1593607148
102,shache,38.42,77.24,91.22,10,35,9.13,CN,1593607149
103,broken hill,-31.95,141.43,66.2,37,0,10.29,AU,1593607149
104,barra patuca,15.8,-84.28,78.89,85,58,2.1,HN,1593607149
105,nouadhibou,20.93,-17.03,75.2,69,0,17.22,MR,1593607149
106,corridonia,43.25,13.51,90.0,54,0,3.0,IT,1593607149
107,dhidhdhoo,6.88,73.1,83.93,75,100,8.41,MV,1593607149
108,egvekinot,66.32,-179.17,38.95,98,100,6.8,RU,1593607150
109,hamilton,39.18,-84.53,75.0,94,75,4.9,US,1593606968
110,gallup,35.53,-108.74,55.4,40,1,5.66,US,1593607150
111,carnarvon,-24.87,113.63,64.4,82,0,9.17,AU,1593607150
112,mareeba,-17.0,145.43,69.8,88,90,9.17,AU,1593607150
113,clyde river,70.47,-68.59,44.6,87,90,2.24,CA,1593607150
114,mar del plata,-38.0,-57.56,46.99,65,75,9.17,AR,1593606932
115,mamakan,57.82,114.0,70.23,67,88,2.01,RU,1593607151
116,bambous virieux,-20.34,57.76,75.99,60,40,11.41,MU,1593607151
117,kahului,20.89,-156.47,78.8,61,1,10.29,US,1593606867
118,hede,33.77,120.25,70.95,79,80,9.55,CN,1593607151
119,yar-sale,66.83,70.83,61.05,39,0,7.34,RU,1593607151
120,maralal,1.1,36.7,70.9,56,71,5.19,KE,1593607151
121,ghanzi,-21.57,21.78,73.94,22,0,10.71,BW,1593607152
122,pevek,69.7,170.31,36.16,90,90,7.16,RU,1593607152
123,quatre cocos,-20.21,57.76,75.99,60,40,11.41,MU,1593607152
124,avarua,-21.21,-159.78,77.0,88,95,11.41,CK,1593607021
125,cidreira,-30.18,-50.21,57.34,86,100,30.33,BR,1593607152
126,kaitangata,-46.28,169.85,44.01,81,92,4.0,NZ,1593607152
127,kyra,49.58,111.98,59.5,84,82,5.75,RU,1593607152
128,koroni,36.8,21.95,91.0,33,20,9.17,GR,1593607153
129,tasiilaq,65.61,-37.64,39.2,93,75,4.7,GL,1593607153
130,saldanha,-33.01,17.94,69.8,49,82,1.12,ZA,1593607153
131,olafsvik,64.89,-23.71,51.53,79,10,8.9,IS,1593607153
132,port lincoln,-34.73,135.87,53.44,67,4,21.68,AU,1593607153
133,kirkwood,38.58,-90.41,72.0,83,40,5.82,US,1593607154
134,roblin,51.23,-101.36,62.04,97,100,11.25,CA,1593607154
135,ewa beach,21.32,-158.01,78.8,78,40,10.18,US,1593606929
136,tazovskiy,67.47,78.7,52.79,66,95,3.33,RU,1593607154
137,salalah,17.02,54.09,86.0,84,90,12.75,OM,1593607144
138,norman wells,65.28,-126.83,53.6,93,75,3.36,CA,1593607154
139,acapulco,16.86,-99.89,78.8,78,75,5.82,MX,1593607155
140,gardner,42.58,-72.0,69.8,77,40,4.7,US,1593607155
141,codrington,-38.27,141.97,47.71,90,100,12.88,AU,1593607155
142,yenagoa,4.92,6.26,83.28,73,99,5.46,NG,1593607155
143,cherskiy,68.75,161.3,41.41,77,100,13.18,RU,1593607155
144,coruripe,-10.13,-36.18,79.29,65,0,5.66,BR,1593607156
145,baoro,5.67,15.97,81.93,66,65,3.13,CF,1593607156
146,ponta delgada,37.73,-25.67,69.8,68,40,11.41,PT,1593607156
147,tilichiki,60.47,166.1,40.39,71,0,7.49,RU,1593607156
148,carballo,43.21,-8.69,68.0,72,87,10.0,ES,1593607156
149,nizhniy tsasuchey,50.52,115.13,68.23,60,55,4.94,RU,1593607156
150,piacabucu,-10.41,-36.43,79.66,61,0,5.99,BR,1593607157
151,stranda,62.31,6.94,55.99,73,98,8.01,NO,1593607157
152,chokurdakh,70.63,147.92,44.31,61,0,12.15,RU,1593607157
153,tarko-sale,64.92,77.78,64.0,59,97,5.23,RU,1593607157
154,nicoya,10.15,-85.45,73.4,94,75,2.24,CR,1593607157
155,kruisfontein,-34.0,24.73,72.72,31,0,9.42,ZA,1593607157
156,prusanky,48.83,16.98,84.99,42,22,10.29,CZ,1593607158
157,provideniya,64.38,-173.3,44.15,94,100,9.1,RU,1593607158
158,port hedland,-20.32,118.57,68.0,82,0,5.82,AU,1593607158
159,coquimbo,-29.95,-71.34,53.6,76,100,5.82,CL,1593607138
160,nikolskoye,59.7,30.79,61.0,82,75,11.18,RU,1593607158
161,siocon,7.71,122.14,79.52,81,53,2.06,PH,1593607158
162,borogontsy,62.67,131.17,62.69,77,55,3.87,RU,1593607158
163,longyearbyen,78.22,15.64,48.2,45,40,8.05,SJ,1593607159
164,sao felix do xingu,-6.64,-51.99,84.69,51,0,2.28,BR,1593607159
165,chapais,49.78,-74.85,71.6,68,1,2.24,CA,1593607159
166,kitakata,37.65,139.87,75.99,88,75,5.82,JP,1593607146
167,vryburg,-26.96,24.73,68.81,26,0,8.03,ZA,1593607159
168,nyurba,63.28,118.33,73.06,58,100,5.57,RU,1593607159
169,paamiut,61.99,-49.67,39.9,91,13,5.86,GL,1593607159
170,boden,65.83,21.69,62.6,48,100,8.05,SE,1593607160
171,mataram,-8.58,116.12,77.0,88,40,6.93,ID,1593606890
172,chuy,-33.7,-53.46,53.6,79,100,18.43,UY,1593607160
173,seoul,37.57,126.98,73.4,83,1,3.53,KR,1593606937
174,gayeri,12.65,0.49,95.94,34,59,7.56,BF,1593607160
175,comodoro rivadavia,-45.87,-67.5,35.6,93,40,7.65,AR,1593607071
176,saint-philippe,-21.36,55.77,75.2,64,90,8.05,RE,1593607160
177,pangody,65.85,74.49,62.22,42,50,9.35,RU,1593607161
178,voh,-20.97,164.7,61.27,79,0,5.08,NC,1593607161
179,cseteny,47.32,17.99,87.8,48,1,9.17,HU,1593607161
180,bengkulu,-3.8,102.27,79.75,77,26,5.14,ID,1593607161
181,tadine,-21.55,167.88,65.59,62,7,10.69,NC,1593607161
182,gao,16.64,1.64,100.81,22,34,2.01,ML,1593607161
183,namibe,-15.2,12.15,79.57,38,0,10.11,AO,1593607162
184,karratha,-20.74,116.85,72.25,59,39,4.81,AU,1593607162
185,new norfolk,-42.78,147.06,52.0,87,100,1.01,AU,1593607162
186,tiksi,71.69,128.87,47.53,61,55,4.79,RU,1593607162
187,cabo san lucas,22.89,-109.91,75.0,88,5,3.36,MX,1593607092
188,ciechanow,52.88,20.62,78.01,44,13,14.99,PL,1593607162
189,arlit,18.74,7.39,107.82,6,0,5.01,NE,1593607163
190,saint-augustin,51.23,-58.65,76.71,54,60,4.81,CA,1593607163
191,cabatuan,10.88,122.49,78.4,85,68,1.92,PH,1593607163
192,abu dhabi,24.47,54.37,100.4,60,20,13.87,AE,1593606869
193,dingle,11.0,122.67,78.96,81,40,2.59,PH,1593607163
194,isangel,-19.55,169.27,67.62,64,15,9.53,VU,1593607164
195,sisimiut,66.94,-53.67,52.7,49,59,7.52,GL,1593607164
196,santa clara,22.4,-79.97,77.0,94,20,10.07,CU,1593607164
197,caorle,45.6,12.88,89.01,64,0,1.01,IT,1593607164
198,zhangye,38.93,100.45,81.12,15,0,7.96,CN,1593607144
199,kieta,-6.22,155.63,79.05,72,71,3.04,PG,1593607164
200,baruun-urt,46.68,113.28,66.0,64,34,12.44,MN,1593607164
201,port elizabeth,-33.92,25.57,78.8,29,0,11.41,ZA,1593607165
202,ginir,7.13,40.7,69.17,68,56,13.22,ET,1593607165
203,san patricio,19.22,-104.7,78.26,81,100,3.36,MX,1593607165
204,kysyl-syr,63.9,122.76,75.69,52,31,4.9,RU,1593607165
205,souillac,-20.52,57.52,75.2,60,40,11.41,MU,1593607165
206,sakakah,29.97,40.21,100.4,8,0,8.05,SA,1593607165
207,sitka,57.05,-135.33,51.8,87,90,5.82,US,1593606877
208,santa quiteria,-4.33,-40.16,83.32,60,45,6.53,BR,1593607166
209,pozo colorado,-23.49,-58.8,55.96,48,0,8.7,PY,1593607166
210,bathsheba,13.22,-59.52,86.0,74,40,12.75,BB,1593607166
211,owase,34.07,136.2,70.61,81,91,5.17,JP,1593607166
212,beringovskiy,63.05,179.32,41.79,97,100,13.44,RU,1593607166
213,luderitz,-26.65,15.16,87.8,22,0,8.05,NA,1593607166
214,saint george,37.1,-113.58,64.4,17,1,3.85,US,1593606875
215,aklavik,68.22,-135.01,46.4,81,75,8.05,CA,1593607167
216,camana,-16.62,-72.71,63.7,69,0,7.36,PE,1593607167
217,westport,41.14,-73.36,70.0,83,40,4.68,US,1593607155
218,meulaboh,4.14,96.13,80.37,75,95,1.97,ID,1593607167
219,obo,5.4,26.49,78.91,89,100,2.26,CF,1593607167
220,pitimbu,-7.47,-34.81,77.0,83,75,8.05,BR,1593607168
221,santa rosa,14.31,121.11,87.8,66,75,2.53,PH,1593607168
222,zhangjiakou,40.81,114.88,75.09,46,48,4.25,CN,1593607144
223,pimentel,-6.84,-79.93,60.8,82,40,10.29,PE,1593607168
224,vardo,70.37,31.11,46.4,93,75,35.57,NO,1593607168
225,iqaluit,63.75,-68.51,53.6,58,40,16.11,CA,1593607168
226,torbay,47.67,-52.73,70.0,93,90,19.46,CA,1593606914
227,namatanai,-3.67,152.43,79.63,78,50,5.95,PG,1593607169
228,atar,20.52,-13.05,107.04,14,10,7.65,MR,1593607169
229,sinnamary,5.38,-52.95,75.0,95,100,3.24,GF,1593607169
230,gribanovskiy,51.46,41.98,82.0,40,100,9.57,RU,1593607169
231,nanortalik,60.14,-45.24,41.67,86,100,5.48,GL,1593607169
232,ranong,9.97,98.63,86.0,79,40,8.05,TH,1593607169
233,ancud,-41.87,-73.82,48.99,100,75,10.29,CL,1593607169
234,alofi,-19.06,-169.92,73.4,100,85,3.36,NU,1593607170
235,alyangula,-13.85,136.42,73.4,88,2,9.26,AU,1593607170
236,asau,46.43,26.4,84.2,42,20,4.7,RO,1593607170
237,shar,49.59,81.05,74.95,49,67,13.09,KZ,1593607170
238,lebu,-37.62,-73.65,50.18,94,49,9.31,CL,1593607170
239,high level,58.52,-117.14,60.8,67,90,6.93,CA,1593607171
240,ishigaki,24.34,124.16,84.2,94,90,9.17,JP,1593607171
241,komsomolskiy,40.43,71.72,91.4,17,100,11.41,UZ,1593607171
242,jimo,36.39,120.46,81.0,61,93,6.71,CN,1593607171
243,lithakia,37.72,20.83,93.2,41,0,5.82,GR,1593607124
244,aksarka,66.56,67.8,62.2,49,90,8.28,RU,1593607171
245,felipe carrillo puerto,19.58,-88.05,78.21,92,3,2.21,MX,1593607171
246,san carlos de bariloche,-41.15,-71.31,37.0,87,90,5.82,AR,1593607171
247,galesong,-5.32,119.37,80.6,88,20,4.7,ID,1593607172
248,hwange,-18.37,26.5,79.07,27,0,5.77,ZW,1593607172
249,tuatapere,-46.13,167.68,39.0,83,100,3.0,NZ,1593607172
250,sao joao da barra,-21.64,-41.05,75.2,69,54,6.93,BR,1593606947
251,nuuk,64.18,-51.72,41.0,86,40,6.93,GL,1593607057
252,fomboni,-12.28,43.74,77.81,76,83,22.55,KM,1593607172
253,sao jose de ribamar,-2.56,-44.05,84.2,79,40,5.82,BR,1593607173
254,korla,41.76,86.15,87.64,12,100,7.0,CN,1593606898
255,kupang,-10.17,123.58,77.0,73,20,10.29,ID,1593606986
256,hambantota,6.12,81.12,89.6,75,20,14.99,LK,1593607173
257,bowen,-20.02,148.23,68.0,82,40,8.05,AU,1593607173
258,ballina,-28.87,153.57,57.0,93,75,3.36,AU,1593607174
259,petropavlovsk-kamchatskiy,53.05,158.65,51.8,93,17,8.95,RU,1593607174
260,san vicente,-26.62,-54.13,46.13,84,83,4.76,AR,1593607174
261,nabire,-3.37,135.48,76.03,89,100,3.78,ID,1593607054
262,kitale,1.02,35.01,67.17,85,49,2.82,KE,1593607174
263,zheleznodorozhnyy,55.75,38.0,79.0,41,46,8.95,RU,1593607174
264,husavik,66.04,-17.34,53.6,54,2,10.29,IS,1593607175
265,hofn,64.25,-15.21,48.2,87,40,6.93,IS,1593607175
266,monroe,43.15,-77.68,70.0,77,75,6.93,US,1593607175
267,singaraja,-8.11,115.09,79.03,74,14,6.11,ID,1593607175
268,touros,-5.2,-35.46,77.0,88,75,9.17,BR,1593607175
269,tuktoyaktuk,69.45,-133.04,37.26,94,100,12.75,CA,1593607175
270,leningradskiy,69.38,178.42,34.12,96,100,9.78,RU,1593607176
271,khatanga,71.97,102.5,63.72,63,21,13.71,RU,1593607176
272,sao jose da coroa grande,-8.9,-35.15,79.9,66,0,8.32,BR,1593607176
273,qasigiannguit,68.82,-51.19,44.6,70,75,3.36,GL,1593607176
274,mount isa,-20.73,139.5,59.0,51,0,5.55,AU,1593607176
275,russell,32.35,-85.2,73.4,94,90,4.7,US,1593607176
276,aconibe,1.3,10.94,78.19,84,64,1.68,GQ,1593607177
277,dikson,73.51,80.55,37.2,89,0,15.73,RU,1593607177
278,iquitos,-3.75,-73.25,75.2,94,75,1.97,PE,1593607085
279,saryagash,41.45,69.17,95.0,13,72,6.93,KZ,1593607177
280,doha,25.29,51.53,107.6,26,35,8.05,QA,1593607022
281,vidim,56.41,103.11,75.92,55,0,4.21,RU,1593607177
282,gamba,-2.65,10.0,76.87,73,93,9.19,GA,1593607178
283,puerto escondido,15.85,-97.07,73.4,78,75,9.17,MX,1593607178
284,qaqortoq,60.72,-46.03,48.2,66,40,3.36,GL,1593607178
285,college,64.86,-147.8,39.99,93,40,2.26,US,1593607178
286,bondo,3.81,23.69,77.2,79,100,3.6,CD,1593607178
287,itororo,-15.12,-40.07,77.11,67,99,2.17,BR,1593607108
288,nhulunbuy,-12.23,136.77,73.4,83,14,4.7,AU,1593607179
289,moree,-29.47,149.85,48.2,76,0,10.29,AU,1593607179
290,kodiak,57.79,-152.41,51.8,76,1,8.05,US,1593607179
291,pisco,-13.7,-76.22,61.0,93,90,2.24,PE,1593607179
292,sechura,-5.56,-80.82,64.18,81,68,11.79,PE,1593607179
293,constitucion,-35.33,-72.42,51.22,84,100,12.8,CL,1593607179
294,kjollefjord,70.95,27.35,44.6,93,90,18.34,NO,1593607179
295,baykit,61.67,96.37,76.66,37,63,3.56,RU,1593607180
296,bom jesus,-9.07,-44.36,85.39,46,0,5.08,BR,1593607180
297,nishihara,26.18,127.76,78.8,88,75,12.75,JP,1593607180
298,maridi,4.92,29.47,78.33,83,79,4.32,SS,1593607180
299,broome,42.25,-75.83,63.0,93,90,4.7,US,1593607180
300,severnoye,56.35,78.36,73.18,86,100,5.55,RU,1593607181
301,mackay,-21.15,149.2,68.0,82,90,5.82,AU,1593607181
302,ust-kuyga,70.02,135.6,64.22,41,96,8.7,RU,1593607181
303,kargil,34.57,76.1,67.32,24,16,10.76,IN,1593607181
304,jala,21.08,-104.43,66.0,88,98,2.8,MX,1593607181
305,talaja,21.35,72.05,87.6,71,6,14.07,IN,1593607181
306,palanga,55.92,21.07,64.4,77,20,10.29,LT,1593607182
307,tari,12.41,4.49,92.64,42,0,4.23,NG,1593607182
308,myanaung,18.28,95.32,83.57,73,100,9.93,MM,1593607182
309,riyadh,24.69,46.72,113.0,13,0,4.7,SA,1593606952
310,virginia beach,36.85,-75.98,78.01,83,75,5.75,US,1593606905
311,bunia,1.57,30.25,78.64,55,100,2.06,CD,1593607182
312,puerto quijarro,-17.78,-57.77,68.49,55,64,7.74,BO,1593607182
313,torbat-e jam,35.24,60.62,93.33,11,0,21.34,IR,1593607183
314,bira,49.0,132.47,62.94,93,23,7.38,RU,1593607183
315,margate,51.38,1.39,70.0,61,15,5.01,GB,1593607183
316,upata,8.01,-62.4,79.0,85,0,1.99,VE,1593607183
317,nybro,56.74,15.91,70.0,52,40,18.34,SE,1593607183
318,maracas,-13.44,-40.43,69.82,68,37,3.51,BR,1593607183
319,midyat,37.42,41.34,104.0,11,75,4.7,TR,1593607183
320,porto novo,6.5,2.6,82.4,78,40,13.87,BJ,1593607184
321,haines junction,60.75,-137.51,48.94,77,100,2.04,CA,1593607184
322,kloulklubed,7.04,134.26,83.77,75,100,11.1,PW,1593607184
323,shediac,46.22,-64.54,64.99,100,90,4.7,CA,1593607184
324,portarlington,53.16,-7.19,57.0,94,100,1.01,IE,1593607184
325,severo-kurilsk,50.68,156.12,48.45,79,100,3.33,RU,1593607185
326,shimoda,34.67,138.95,70.0,93,100,24.92,JP,1593607185
327,kipushi,-11.77,27.23,75.2,47,40,11.41,CD,1593607185
328,ponta do sol,32.67,-17.1,73.0,64,32,0.56,PT,1593607185
329,ovsyanka,55.96,92.55,82.4,54,100,8.95,RU,1593607185
330,crib point,-38.35,145.2,59.0,65,82,17.49,AU,1593607185
331,dzaoudzi,-12.79,45.27,82.4,65,20,19.46,YT,1593607186
332,bubaque,11.28,-15.83,81.23,77,100,5.46,GW,1593607186
333,chandbali,20.78,86.77,87.24,73,67,16.87,IN,1593607186
334,luanda,-8.84,13.23,78.8,74,40,8.05,AO,1593607160
335,naantali,60.47,22.02,64.0,72,75,16.11,FI,1593607186
336,pedreiras,-4.57,-44.6,86.94,58,0,1.34,BR,1593607186
337,mayya,61.73,130.28,75.2,44,75,13.42,RU,1593607186
338,dakar,14.69,-17.44,84.2,74,40,4.7,SN,1593607187
339,hienghene,-20.68,164.93,64.45,75,0,8.14,NC,1593607187
340,riberalta,-10.98,-66.1,68.0,100,0,1.34,BO,1593607187
341,yanam,16.73,82.22,86.0,79,75,4.7,IN,1593607187
342,wasilla,61.58,-149.44,48.2,93,1,3.36,US,1593607178
343,kermen,42.5,26.25,89.6,33,20,6.93,BG,1593607187
344,nea palatia,38.32,23.8,96.01,19,0,5.99,GR,1593607187
345,moose factory,51.26,-80.61,73.4,73,1,5.82,CA,1593607188
346,colares,38.8,-9.45,78.01,68,40,13.87,PT,1593607188
347,roswell,34.02,-84.36,70.0,88,1,5.82,US,1593606918
348,porangatu,-13.44,-49.15,86.13,36,2,2.37,BR,1593607188
349,arraial do cabo,-22.97,-42.03,78.8,61,75,9.17,BR,1593607188
350,guaranda,-1.6,-79.0,58.26,62,38,3.69,EC,1593607188
351,geraldton,-28.77,114.6,57.2,87,90,9.17,AU,1593607189
352,tobermory,45.25,-81.67,63.79,81,0,5.82,CA,1593607189
353,la union,-5.4,-80.75,65.08,77,77,10.87,PE,1593607189
354,sioux lookout,50.1,-91.92,75.2,83,40,8.05,CA,1593607189
355,lorengau,-2.02,147.27,82.13,73,100,6.46,PG,1593607189
356,ixtapa,20.7,-105.2,79.0,88,40,2.33,MX,1593607189
357,hami,42.8,93.45,88.61,12,13,11.03,CN,1593607189
358,mogadishu,2.04,45.34,82.4,65,40,20.8,SO,1593607190
359,townsville,-19.25,146.8,71.6,73,90,17.22,AU,1593607190
360,khor,47.89,134.95,59.56,86,16,10.11,RU,1593607190
361,fort nelson,58.81,-122.7,54.59,94,100,5.61,CA,1593607190
362,sambava,-14.27,50.17,75.97,71,18,18.19,MG,1593607190
363,alice springs,-23.7,133.88,60.8,23,94,5.82,AU,1593606987
364,amuntai,-2.42,115.25,75.85,93,0,0.83,ID,1593607190
365,oranjemund,-28.55,16.43,75.76,21,0,8.57,NA,1593607191
366,kawalu,-7.38,108.21,73.33,92,99,2.28,ID,1593607191
367,yumen,40.28,97.2,82.54,13,87,7.36,CN,1593607191
368,dargaville,-35.93,173.88,48.16,74,0,6.96,NZ,1593607191
369,miquelon,47.1,-56.38,57.2,100,75,11.41,PM,1593607191
370,port moresby,-9.44,147.18,78.8,88,75,17.22,PG,1593607191
371,mnogovershinnyy,53.94,139.92,43.72,98,100,10.85,RU,1593607192
372,valleyview,55.07,-117.29,53.78,98,100,10.89,CA,1593607192
373,babstovo,48.12,132.48,64.98,93,74,8.7,RU,1593607192
374,boende,-0.22,20.87,83.23,63,97,1.99,CD,1593607192
375,san juan,-31.54,-68.54,43.81,60,0,4.41,AR,1593607192
376,harper,4.38,-7.72,79.97,69,99,6.89,LR,1593607192
377,mitsamiouli,-11.38,43.28,84.2,62,20,28.86,KM,1593607192
378,la rochelle,46.17,-1.15,69.8,77,90,14.99,FR,1593607192
379,manavgat,36.79,31.44,102.2,21,0,6.93,TR,1593607193
380,muzhi,65.37,64.67,63.7,44,98,7.74,RU,1593607193
381,rabo de peixe,37.8,-25.58,69.8,68,40,11.41,PT,1593607193
382,kikerino,59.47,29.63,59.0,82,75,11.18,RU,1593607193
383,scottsbluff,41.87,-103.67,51.8,66,1,5.82,US,1593607193
384,labuan,5.28,115.24,82.4,88,75,7.72,MY,1593607194
385,elko,41.0,-115.5,50.0,69,1,5.53,US,1593607194
386,padang,-0.95,100.35,79.81,74,77,1.28,ID,1593607012
387,nago,26.59,127.98,77.0,94,75,14.99,JP,1593607194
388,tupik,54.43,119.93,64.62,68,57,3.74,RU,1593607194
389,christchurch,-43.53,172.63,44.01,87,100,16.11,NZ,1593607129
390,bougouni,11.42,-7.48,82.31,68,100,4.65,ML,1593607195
391,fray bentos,-33.13,-58.3,45.0,89,68,18.99,UY,1593607195
392,luwuk,-0.95,122.79,76.41,81,100,3.58,ID,1593607195
393,inta,66.03,60.17,64.62,45,100,10.18,RU,1593607195
394,sao gabriel da cachoeira,-0.13,-67.09,78.75,86,13,1.7,BR,1593607195
395,ialibu,-6.28,143.99,57.31,99,100,1.83,PG,1593607195
396,huaiyuan,32.97,117.2,77.47,82,100,6.73,CN,1593607196
397,kishtwar,33.32,75.77,79.36,43,38,4.36,IN,1593607196
398,alta floresta,-9.88,-56.09,82.08,54,20,2.95,BR,1593607196
399,snezhnogorsk,69.19,33.25,57.2,87,75,15.66,RU,1593607196
400,khash,28.22,61.22,90.75,22,38,15.93,IR,1593607197
401,butembo,0.15,29.28,72.25,64,100,1.16,CD,1593607197
402,batagay,67.63,134.63,62.13,46,100,3.76,RU,1593607197
403,yaan,7.38,8.57,84.42,70,87,2.62,NG,1593607198
404,honiara,-9.43,159.95,75.2,94,40,5.41,SB,1593607041
405,waipawa,-41.41,175.52,46.4,81,100,42.5,NZ,1593607198
406,paso de los toros,-32.82,-56.52,46.4,87,20,14.99,UY,1593607198
407,laguna,38.42,-121.42,62.01,72,1,4.7,US,1593607198
408,mugur-aksy,50.35,90.5,59.27,57,40,2.62,RU,1593607198
409,bairiki,1.33,172.98,77.0,94,75,3.36,KI,1593607198
410,portland,45.52,-122.68,57.2,67,90,5.79,US,1593607136
411,dalbandin,28.89,64.41,96.35,24,99,11.86,PK,1593607199
412,maceio,-9.67,-35.74,73.4,88,75,2.24,BR,1593607199
413,ocna de fier,45.33,21.78,91.99,35,0,3.36,RO,1593607199
414,beloha,-25.17,45.05,68.41,56,73,12.44,MG,1593607199
415,lavrentiya,65.58,-171.0,43.05,94,100,8.21,RU,1593607199
416,micheweni,-4.97,39.83,79.97,69,100,19.3,TZ,1593607200
417,ikorodu,6.62,3.5,80.6,83,75,3.36,NG,1593607200
418,ibra,22.69,58.53,98.29,33,49,22.01,OM,1593607200
419,nieuw amsterdam,5.88,-55.08,77.0,88,75,4.7,SR,1593607200
420,kaabong,3.48,34.15,76.87,50,94,2.26,UG,1593607200
421,pocone,-16.26,-56.62,70.68,70,97,10.02,BR,1593607201
422,carutapera,-1.2,-46.02,84.96,66,5,3.15,BR,1593607201
423,rio grande,-32.03,-52.1,53.01,93,90,14.99,BR,1593607025
424,karla,59.37,24.93,64.0,87,75,8.05,EE,1593607201
425,lamont,35.26,-118.91,71.6,37,1,4.7,US,1593607201
426,turukhansk,65.82,87.98,64.6,53,56,7.78,RU,1593607202
427,bayan,46.08,127.4,69.6,71,0,3.24,CN,1593607202
428,roma,43.21,-75.46,64.99,88,90,3.36,US,1593607150
429,kamyshin,50.1,45.42,81.1,36,100,7.16,RU,1593607203
430,isla vista,34.41,-119.86,59.0,87,90,4.7,US,1593607203
431,te anau,-45.42,167.72,39.78,89,95,0.92,NZ,1593607203
432,waingapu,-9.66,120.26,73.81,82,0,9.89,ID,1593607203
433,bahia honda,22.9,-83.16,79.9,81,7,7.02,CU,1593607204
434,pokhara,28.23,83.98,77.22,81,94,1.99,NP,1593607204
435,sorland,67.67,12.69,50.0,71,40,12.75,NO,1593607204
436,savannakhet,16.57,104.75,79.5,86,100,11.43,LA,1593607205
437,tikrit,34.61,43.68,104.7,9,0,12.48,IQ,1593607205
438,lampang,18.33,99.5,77.0,79,100,2.93,TH,1593607205
439,lata,40.16,-8.33,82.0,52,0,11.99,PT,1593607205
440,kenai,60.55,-151.26,48.2,70,1,4.09,US,1593607205
441,banjar,-8.19,114.97,80.6,88,40,13.87,ID,1593607205
442,agdas,40.65,47.48,93.2,30,75,10.29,AZ,1593607206
443,greenfield,42.96,-88.01,73.99,78,75,4.7,US,1593607206
444,oarai,36.32,140.6,75.2,88,75,11.41,JP,1593607206
445,nizhniy odes,63.64,54.86,66.27,38,98,9.98,RU,1593607207
446,uhlove,44.82,33.6,81.36,62,0,12.3,UA,1593607207
447,kudahuvadhoo,2.67,72.89,84.52,65,37,2.08,MV,1593607207
448,la cruz,23.92,-106.9,78.01,93,100,3.44,MX,1593607207
449,moron,-34.65,-58.62,45.0,92,31,4.0,AR,1593607025
450,coihaique,-45.58,-72.07,32.0,87,90,4.7,CL,1593607207
451,tual,-5.67,132.75,79.84,82,71,15.82,ID,1593607207
452,basco,20.45,121.97,84.92,79,100,8.34,PH,1593607208
453,port hardy,50.7,-127.42,53.29,89,99,8.01,CA,1593607208
454,grindavik,63.84,-22.43,51.8,81,90,11.41,IS,1593607208
455,torata,-17.08,-70.84,59.95,27,8,0.76,PE,1593607208
456,trinidad,-14.83,-64.9,72.36,52,3,9.8,BO,1593607208
457,bihoro,43.82,144.1,55.99,83,100,3.0,JP,1593607208
458,road town,18.42,-64.62,86.0,74,40,9.17,VG,1593607153
459,tacoronte,28.48,-16.41,82.0,72,20,19.46,ES,1593607209
460,yerofey pavlovich,53.97,121.97,68.16,57,12,4.88,RU,1593607209
461,hangu,39.25,117.79,86.0,54,91,8.95,CN,1593607209
462,tiquicheo,18.88,-100.73,73.09,87,100,0.47,MX,1593607209
463,ketchikan,55.34,-131.65,55.4,87,1,8.05,US,1593606948
464,boyolangu,-8.12,111.89,75.42,86,77,6.98,ID,1593607210
465,viedma,-40.81,-63.0,42.85,88,93,6.44,AR,1593606983
466,kamaishi,39.27,141.88,68.97,92,100,5.44,JP,1593607210
467,vitim,59.45,112.56,74.68,51,99,2.59,RU,1593607210
468,metsavan,41.2,44.23,71.6,43,75,5.82,AM,1593607211
469,shenjiamen,29.96,122.3,73.6,85,100,10.13,CN,1593607211
470,zhanaozen,43.3,52.8,88.45,15,0,14.97,KZ,1593607211
471,sangar,63.92,127.47,73.65,51,88,4.76,RU,1593607211
472,sayan,-11.14,-77.19,67.1,43,98,1.77,PE,1593607211
473,requena,39.49,-1.1,93.99,11,0,16.91,ES,1593607211
474,beaverlodge,55.22,-119.44,55.4,100,90,12.75,CA,1593607212
475,tongchuan,35.08,109.09,74.23,59,57,4.68,CN,1593607212
476,avera,33.19,-82.53,75.2,94,1,8.05,US,1593607212
477,oistins,13.07,-59.53,86.0,74,40,12.75,BB,1593607212
478,bonavista,48.65,-53.11,68.0,84,100,21.0,CA,1593607213
479,hobyo,5.35,48.53,84.06,55,73,33.04,SO,1593607213
480,dzerzhinskoye,56.83,95.23,79.59,64,0,6.8,RU,1593607213
481,kemijarvi,66.71,27.43,51.66,89,100,11.86,FI,1593607213
482,aklera,24.42,76.57,99.25,34,57,7.56,IN,1593607214
483,morondava,-20.28,44.28,78.58,55,0,17.72,MG,1593607214
484,malanje,-9.54,16.34,87.84,15,78,5.97,AO,1593607214
485,lasa,46.62,10.7,72.0,77,75,3.36,IT,1593607214
486,tolaga bay,-38.37,178.3,43.48,68,99,11.81,NZ,1593607214
487,bamboo,18.39,-77.26,79.0,88,99,8.08,JM,1593607215
488,ingham,42.6,-84.38,69.8,88,40,3.36,US,1593607215
489,kishni,27.02,79.26,103.14,29,87,6.89,IN,1593607215
490,chik ballapur,13.43,77.72,82.4,61,40,12.75,IN,1593607215
491,tsybli,49.99,31.56,82.4,37,0,8.95,UA,1593607216
492,vostok,46.49,135.88,55.72,93,0,0.54,RU,1593607216
493,buraydah,26.33,43.98,109.4,16,0,2.24,SA,1593607216
494,pak phanang,8.35,100.2,82.78,77,100,6.33,TH,1593607216
495,findlay,41.04,-83.65,72.0,68,1,9.17,US,1593607216
496,conceicao da barra,-18.59,-39.73,76.75,73,52,7.27,BR,1593607216
497,port-gentil,-0.72,8.78,80.6,74,20,10.29,GA,1593607217
498,batemans bay,-35.72,150.18,48.0,82,30,7.34,AU,1593607217
499,yerbogachen,61.28,108.01,75.63,67,2,6.6,RU,1593607217
500,lakes entrance,-37.88,147.98,48.0,81,0,1.01,AU,1593607217
501,la ronge,55.1,-105.28,59.0,100,90,12.75,CA,1593607218
502,yen bai,21.7,104.87,84.07,81,100,1.63,VN,1593607206
503,verkhozim,52.71,45.42,68.95,79,96,7.9,RU,1593607218
504,diffa,13.32,12.61,100.81,22,34,2.37,NE,1593607218
505,mollendo,-17.02,-72.01,61.12,74,87,5.32,PE,1593607218
506,oum hadjer,13.3,19.7,95.76,32,3,10.65,TD,1593607218
507,chara,56.91,118.26,66.65,55,100,4.88,RU,1593607219
508,bijie,27.31,105.29,65.01,90,100,5.64,CN,1593607219
509,castenaso,44.51,11.47,91.99,46,20,4.7,IT,1593607219
510,medea,36.26,2.75,91.4,38,40,14.99,DZ,1593607219
511,igrim,63.19,64.42,63.82,45,86,4.32,RU,1593607219
512,perth,-31.93,115.83,53.01,87,73,5.82,AU,1593607220
513,labuhan,-6.88,112.21,79.79,81,44,7.56,ID,1593607220
514,matara,5.95,80.54,81.09,82,51,10.94,LK,1593607220
515,lichuan,30.3,108.85,63.77,97,100,3.0,CN,1593607220
516,extremoz,-5.71,-35.31,77.0,88,75,9.17,BR,1593607220
517,otradnoye,59.78,30.82,61.0,82,75,11.18,RU,1593607220
518,varadero,23.15,-81.25,77.0,94,20,3.36,CU,1593607221
519,aksu,41.12,80.26,90.45,13,0,9.84,CN,1593607221
520,atambua,-9.11,124.89,67.87,82,30,4.99,ID,1593607221
521,ahwa,20.75,73.68,81.46,80,85,7.23,IN,1593607221
522,huntington,38.42,-82.45,71.01,100,90,1.01,US,1593607106
523,parrita,9.52,-84.32,68.0,77,100,8.05,CR,1593607221
524,kolokani,13.57,-8.03,93.65,38,67,5.88,ML,1593607221
525,soldotna,60.49,-151.06,48.2,75,1,3.36,US,1593607222
526,vao,-22.67,167.48,68.07,54,79,11.56,NC,1593607222
527,marquette,46.53,-87.63,72.0,82,5,4.83,US,1593607222
528,almeirim,-1.52,-52.58,81.93,71,39,3.65,BR,1593607222
529,pangkalanbuun,-2.68,111.62,76.17,93,34,3.58,ID,1593607222
530,puerto suarez,-18.95,-57.8,64.4,55,75,8.05,BO,1593607223
531,nome,64.5,-165.41,48.2,87,90,10.29,US,1593607158
532,praia da vitoria,38.73,-27.07,68.0,68,20,8.7,PT,1593607223
533,maragogi,-9.01,-35.22,79.23,67,0,8.1,BR,1593607102
534,okhotsk,59.38,143.3,47.66,81,100,5.5,RU,1593607223
535,byron bay,-28.65,153.62,57.0,93,0,7.52,AU,1593607224
536,teguldet,57.31,88.17,76.17,55,66,7.43,RU,1593607224
537,mecca,21.43,39.83,106.65,10,29,18.66,SA,1593607224
538,oliveira dos brejinhos,-12.32,-42.9,82.51,47,0,2.98,BR,1593607224
539,el sauzal,31.9,-116.68,66.0,82,66,1.01,MX,1593607225
540,ngunguru,-35.62,174.5,44.01,94,12,1.01,NZ,1593607225
541,goderich,43.75,-81.72,72.0,89,0,6.11,CA,1593607225
542,shelburne,44.08,-80.2,68.0,77,1,3.36,CA,1593606994
543,vallenar,-28.57,-70.76,64.33,26,88,2.13,CL,1593607225
544,fairbanks,64.84,-147.72,39.99,100,40,3.36,US,1593607204
545,bayanday,53.07,105.51,68.85,63,82,6.44,RU,1593607225
546,talara,-4.58,-81.27,65.35,79,58,16.71,PE,1593607226
547,vila velha,-20.33,-40.29,77.0,73,20,11.41,BR,1593607226
548,tortoli,39.93,9.66,87.01,62,20,10.29,IT,1593607226
549,lingyuan,41.24,119.4,67.24,87,100,3.09,CN,1593607226
550,saint paul,44.94,-93.09,75.99,88,1,3.36,US,1593607226
551,ahipara,-35.17,173.17,50.85,77,0,9.06,NZ,1593607226
552,limay,14.53,120.55,86.0,74,20,3.36,PH,1593607227
553,zyryanka,65.75,150.85,51.35,58,0,6.6,RU,1593607227
554,erzin,36.96,36.2,80.01,83,0,11.99,TR,1593607227
555,cabedelo,-6.98,-34.83,77.0,83,75,8.05,BR,1593607227
556,oron,4.83,8.23,84.63,73,77,1.7,NG,1593607227
557,jose bonifacio,-21.05,-49.69,64.24,65,100,12.08,BR,1593607227
558,griffith,41.53,-87.42,72.0,83,1,6.93,US,1593607228
559,tezu,27.92,96.17,79.75,83,97,2.24,IN,1593607228
560,kwekwe,-18.93,29.81,71.22,29,0,9.78,ZW,1593607228
561,faanui,-16.48,-151.75,79.02,74,80,21.61,PF,1593607228
562,radzyn podlaski,51.78,22.62,78.8,47,0,11.41,PL,1593607229
563,shimanovsk,52.0,127.7,71.55,54,94,5.5,RU,1593607229
564,san jeronimo,-11.95,-75.28,47.86,56,0,1.12,PE,1593607229
